model,selected_for_robot,robot_axis_id,robot_axis_role,axis_type,voltage_nominal_v,voltage_tolerance_percent,motor_rated_current_a,power_w,motor_torque_nm,motor_rated_speed_rpm,motor_max_speed_rpm,motor_resistance_ohm,motor_inductance_mh,motor_rotor_inertia_kg_m2,reduction_ratio,output_torque_after_deceleration_nm,reducer_rated_torque_nm,peak_start_stop_torque_nm,output_speed_min_rpm,output_speed_max_rpm,output_speed_max_rad_s,output_speed_max_deg_s,weight_kg,outer_diameter_mm,backlash_arcsec_max,design_life_h,encoder_single_turn_bits,encoder_multi_turn_bits,encoder_counts_per_rev,position_sampling_hz,max_input_pulse_frequency_hz,pulse_instruction_modes,electronic_gear_ratio_range,communication_interfaces,protection_functions,cooling_mode,ambient_temp_min_c,ambient_temp_max_c,motor_temp_max_c,humidity_min_percent,humidity_max_percent,power_connector,db9_pinout,vertical_screw_lead_mm_per_rev,screw_efficiency_assumption,linear_speed_max_mm_min,linear_speed_max_mm_s,linear_continuous_thrust_est_n,linear_peak_thrust_est_n,source_url,source_snapshot_date,status,notes
M4210E14B50L,yes,P_Z_BASE_LIFT,Base vertical lift / govde dikey eksen,prismatic_z_via_4mm_trapezoidal_screw,36,10,1.5,33,0.3,2000,2500,2.65,1.18,0.000009139,50,3.2,3.2,7.8,0,40,4.18879,240,0.4,52,10,8500,15,16,32768,2000,500000,"Pulse+direction; A/B phase pulse","1..65535:1..65535","CANBUS; CANopen; Modbus; pulse/direction; RS485","Lock-motor alarm; over-current alarm",Natural cooling,0,40,85,5,95,"Terminal 1 +V 24-36VDC; terminal 2 GND","DB9:1 PU+;2 PU-;3 DIR+;4 DIR-;5 WR+ alarm NPN;6 OZ encoder zero NPN;7 COM;8 CANL;9 CANH",4,0.30,160,2.66667,1508,3676,https://www.atarrobot.com/harmonic-robot/m-series/M-robot-joint.html,2026-06-19,selected_datasheet,"User-selected vertical body axis. Linear thrust is a seed estimate from output torque and 30% trapezoidal screw efficiency; verify screw diameter, nut material, lubrication, buckling, brake/self-locking and real motor curve before release."
M4215E14B50L,no,,M4215 comparison option,revolute_or_prismatic_candidate,36,10,2,50,0.5,1500,2000,2.65,1.1,0.000009139,50,7,7,23,0,40,4.18879,240,0.8,70,10,8500,15,16,32768,2000,500000,"Pulse+direction; A/B phase pulse","1..65535:1..65535","CANBUS; CANopen; Modbus; pulse/direction; RS485","Lock-motor alarm; over-current alarm",Natural cooling,0,40,85,5,95,"Terminal 1 +V 24-36VDC; terminal 2 GND","DB9:1 PU+;2 PU-;3 DIR+;4 DIR-;5 WR+ alarm NPN;6 OZ encoder zero NPN;7 COM;8 CANL;9 CANH",,,,,,https://www.atarrobot.com/harmonic-robot/m-series/M-robot-joint.html,2026-06-19,datasheet_reference,"Included as same-family comparison data from the manufacturer table."
M4215E14B80L,no,,M4215 comparison option,revolute_or_prismatic_candidate,36,10,2,50,0.5,1500,2000,2.65,1.1,0.000009139,80,10,10,30,0,25,2.61799,150,0.8,70,10,8500,15,16,32768,2000,500000,"Pulse+direction; A/B phase pulse","1..65535:1..65535","CANBUS; CANopen; Modbus; pulse/direction; RS485","Lock-motor alarm; over-current alarm",Natural cooling,0,40,85,5,95,"Terminal 1 +V 24-36VDC; terminal 2 GND","DB9:1 PU+;2 PU-;3 DIR+;4 DIR-;5 WR+ alarm NPN;6 OZ encoder zero NPN;7 COM;8 CANL;9 CANH",,,,,,https://www.atarrobot.com/harmonic-robot/m-series/M-robot-joint.html,2026-06-19,datasheet_reference,"Included as same-family comparison data from the manufacturer table."
M4215E14B100L,no,,M4215 comparison option,revolute_or_prismatic_candidate,36,10,2,50,0.5,1500,2000,2.65,1.1,0.000009139,100,10,10,36,0,20,2.09440,120,0.8,70,10,8500,15,16,32768,2000,500000,"Pulse+direction; A/B phase pulse","1..65535:1..65535","CANBUS; CANopen; Modbus; pulse/direction; RS485","Lock-motor alarm; over-current alarm",Natural cooling,0,40,85,5,95,"Terminal 1 +V 24-36VDC; terminal 2 GND","DB9:1 PU+;2 PU-;3 DIR+;4 DIR-;5 WR+ alarm NPN;6 OZ encoder zero NPN;7 COM;8 CANL;9 CANH",,,,,,https://www.atarrobot.com/harmonic-robot/m-series/M-robot-joint.html,2026-06-19,datasheet_reference,"Included as same-family comparison data from the manufacturer table."
M8010(B)E17B50L,yes,R2_SECOND_ARM,Ikinci kol rotary axis,revolute,36,10,3.5,100,1,1500,2000,0.86,0.8,0.000069,50,34,34,44,0,30,3.14159,180,1,80,20,8500,15,16,32768,2000,500000,"Pulse+direction; A/B phase pulse","1..65535:1..65535","CANBUS; CANopen; Modbus; pulse/direction; RS485","Lock-motor alarm; over-current alarm",Natural cooling,0,40,85,5,95,"Terminal 1 +V 24-36VDC; terminal 2 GND","DB9:1 PU+;2 PU-;3 DIR+;4 DIR-;5 WR+ alarm NPN;6 OZ encoder zero NPN;7 COM;8 CANL;9 CANH",,,,,,https://www.atarrobot.com/harmonic-robot/m-series/M-robot-joint.html,2026-06-19,selected_datasheet,"User-selected second SCARA arm axis. Use 34 Nm continuous output torque and 44 Nm peak start-stop torque until vendor speed-torque curve is obtained."
M8010(B)E17B80L,no,,M8010 comparison option,revolute_candidate,36,10,3.5,100,1,1500,2000,0.86,0.8,0.000069,80,35,35,56,0,18,1.88496,108,1,80,20,8500,15,16,32768,2000,500000,"Pulse+direction; A/B phase pulse","1..65535:1..65535","CANBUS; CANopen; Modbus; pulse/direction; RS485","Lock-motor alarm; over-current alarm",Natural cooling,0,40,85,5,95,"Terminal 1 +V 24-36VDC; terminal 2 GND","DB9:1 PU+;2 PU-;3 DIR+;4 DIR-;5 WR+ alarm NPN;6 OZ encoder zero NPN;7 COM;8 CANL;9 CANH",,,,,,https://www.atarrobot.com/harmonic-robot/m-series/M-robot-joint.html,2026-06-19,datasheet_reference,"Included as same-family comparison data from the manufacturer table."
M8010(B)E17B100L,no,,M8010 comparison option,revolute_candidate,36,10,3.5,100,1,1500,2000,0.86,0.8,0.000069,100,51,51,70,0,15,1.57080,90,1,80,20,8500,15,16,32768,2000,500000,"Pulse+direction; A/B phase pulse","1..65535:1..65535","CANBUS; CANopen; Modbus; pulse/direction; RS485","Lock-motor alarm; over-current alarm",Natural cooling,0,40,85,5,95,"Terminal 1 +V 24-36VDC; terminal 2 GND","DB9:1 PU+;2 PU-;3 DIR+;4 DIR-;5 WR+ alarm NPN;6 OZ encoder zero NPN;7 COM;8 CANL;9 CANH",,,,,,https://www.atarrobot.com/harmonic-robot/m-series/M-robot-joint.html,2026-06-19,datasheet_reference,"Included as same-family comparison data from the manufacturer table."
M8025(B)E25B50L,no,,M8025 comparison option,revolute_candidate,36,10,7,200,2,1000,1500,0.53,0.5,0.000174,50,51,51,127,0,30,3.14159,180,2.5,110,20,8500,15,16,32768,2000,500000,"Pulse+direction; A/B phase pulse","1..65535:1..65535","CANBUS; CANopen; Modbus; pulse/direction; RS485","Lock-motor alarm; over-current alarm",Natural cooling,0,40,85,5,95,"Terminal 1 +V 24-36VDC; terminal 2 GND","DB9:1 PU+;2 PU-;3 DIR+;4 DIR-;5 WR+ alarm NPN;6 OZ encoder zero NPN;7 COM;8 CANL;9 CANH",,,,,,https://www.atarrobot.com/harmonic-robot/m-series/M-robot-joint.html,2026-06-19,datasheet_reference,"Included as same-family comparison data from the manufacturer table."
M8025(B)E25B80L,yes,R1_FIRST_ARM,Ilk kol rotary axis,revolute,36,10,7,200,2,1000,1500,0.53,0.5,0.000174,80,85,82,178,0,18,1.88496,108,2.5,110,20,8500,15,16,32768,2000,500000,"Pulse+direction; A/B phase pulse","1..65535:1..65535","CANBUS; CANopen; Modbus; pulse/direction; RS485","Lock-motor alarm; over-current alarm",Natural cooling,0,40,85,5,95,"Terminal 1 +V 24-36VDC; terminal 2 GND","DB9:1 PU+;2 PU-;3 DIR+;4 DIR-;5 WR+ alarm NPN;6 OZ encoder zero NPN;7 COM;8 CANL;9 CANH",,,,,,https://www.atarrobot.com/harmonic-robot/m-series/M-robot-joint.html,2026-06-19,selected_datasheet,"User-selected first SCARA arm axis. Reducer rated torque is 82 Nm while output torque-after-deceleration row lists 85 Nm; calculations should treat 82 Nm as conservative continuous reducer limit until vendor clarifies."
M8025(B)E25B100L,no,,M8025 comparison option,revolute_candidate,36,10,7,200,2,1000,1500,0.53,0.5,0.000174,100,100,87,204,0,10,1.04720,60,2.5,110,20,8500,15,16,32768,2000,500000,"Pulse+direction; A/B phase pulse","1..65535:1..65535","CANBUS; CANopen; Modbus; pulse/direction; RS485","Lock-motor alarm; over-current alarm",Natural cooling,0,40,85,5,95,"Terminal 1 +V 24-36VDC; terminal 2 GND","DB9:1 PU+;2 PU-;3 DIR+;4 DIR-;5 WR+ alarm NPN;6 OZ encoder zero NPN;7 COM;8 CANL;9 CANH",,,,,,https://www.atarrobot.com/harmonic-robot/m-series/M-robot-joint.html,2026-06-19,datasheet_reference,"Included as same-family comparison data from the manufacturer table."
