mode_id,display_name_tr,process_family,tooling_family,material_family,thickness_min_mm,thickness_max_mm,feed_min_mm_min,feed_nominal_mm_min,feed_max_mm_min,feed_formula,heat_or_cut_formula,kerf_width_mm_seed,stand_off_mm_seed,pierce_delay_s_seed,requires_arc_ok,requires_thc,requires_gas_pressure_ok,requires_preheat,axis_strategy,sync_tolerance_mm,accel_limit_mm_s2_seed,corner_speed_factor,source_basis,status,safety_notes
weld_gmaw_steel_seed,MIG/MAG kaynak - karbon celik seed,welding,GMAW_MIG_MAG,carbon_steel,1,12,150,350,550,"Use WPS or qualified procedure first; seed travel speed clamp = user_setpoint within row range.","Heat input kJ/mm = voltage_v * current_a * 60 * efficiency / (1000 * travel_speed_mm_min).",0,8,0,yes,no,yes,no,constant_tcp_speed_with_weave_optional,0.5,400,0.65,"Miller wire-feed parameter guidance; Bernard/Tregaskiss typical MIG travel-speed discussion",vendor_wps_required,"Do not auto-weld from seed data alone. Require WPS, shielding gas, torch angle, wire diameter, voltage/current, work clamp, fume extraction and arc interlocks."
weld_tig_steel_seed,TIG kaynak - karbon/paslanmaz seed,welding,GTAW_TIG,carbon_or_stainless_steel,0.5,8,75,130,180,"Use WPS or operator-qualified table; seed travel speed clamp = user_setpoint within row range.","Heat input kJ/mm = voltage_v * current_a * 60 * efficiency / (1000 * travel_speed_mm_min).",0,4,0,yes,no,yes,no,constant_tcp_speed_low_accel,0.35,250,0.55,"Bernard/Tregaskiss TIG travel-speed range",vendor_wps_required,"TIG is heat-input sensitive. Require gas post-flow, torch cooling, filler strategy, HF/arc-start safety and qualified weld procedure."
plasma_air_mild_steel_thin,Plazma kesim - ince sac seed,cutting,air_plasma,mild_steel,1,6,1000,3000,6000,"Primary lookup must be vendor cut chart by material, thickness, amperage, consumable and gas. This row is only a bounded seed.","Cut speed = vendor_cut_chart(material, thickness, amperage, consumable); robot feed = min(cut_speed, path_curvature_limit, actuator_limit).",1.2,1.5,0.3,yes,yes,yes,no,constant_tcp_speed_with_corner_slowdown,0.25,900,0.45,"Hypertherm says cut charts depend on material type, material thickness and selected process; general plasma practice",vendor_chart_required,"Require torch height control or fixed verified standoff, arc-ok, air pressure, dry-run pierce clearance, eye/fume/fire protection and consumable-specific kerf compensation."
plasma_air_mild_steel_medium,Plazma kesim - orta sac seed,cutting,air_plasma,mild_steel,6,16,300,1000,2500,"Primary lookup must be vendor cut chart by material, thickness, amperage, consumable and gas.","Cut speed = vendor_cut_chart(material, thickness, amperage, consumable); robot feed = min(cut_speed, path_curvature_limit, actuator_limit).",1.6,1.5,0.8,yes,yes,yes,no,constant_tcp_speed_with_corner_slowdown,0.30,700,0.40,"Hypertherm cut-chart selection guidance",vendor_chart_required,"Pierce delay and standoff dominate quality here. Block motion if arc-ok is missing or Z height is outside tolerance."
plasma_air_mild_steel_thick,Plazma kesim - kalin sac seed,cutting,air_plasma,mild_steel,16,38,80,300,800,"Primary lookup must be vendor cut chart by material, thickness, amperage, consumable and gas.","Cut speed = vendor_cut_chart(material, thickness, amperage, consumable); robot feed = min(cut_speed, path_curvature_limit, actuator_limit).",2.2,2.0,1.5,yes,yes,yes,no,constant_tcp_speed_low_accel,0.40,450,0.35,"Hypertherm cut-chart selection guidance",vendor_chart_required,"Thick plasma needs strict pierce management, dross inspection and machine-specific current capacity validation."
oxy_acetylene_mild_steel_thin,Oksi-asetilen kesim - ince/orta seed,cutting,oxy_acetylene,mild_steel,3,10,450,550,650,"Lookup tip chart by tip size, fuel gas, oxygen pressure and thickness; row stores approximate machine-cut seed range.","Cut speed = oxy_tip_chart(thickness, tip, fuel, oxygen_pressure); robot feed = min(cut_speed, preheat_state_limit, actuator_limit).",1.2,3.0,5,optional,no,yes,yes,constant_tcp_speed_after_preheat,0.5,300,0.45,"Victor/American Torch Tip oxy-fuel chart ranges for thin steel",vendor_chart_required,"Acetylene pressure must remain within safe equipment limits. Require flashback arrestors, leak test, purge sequence, preheat state and fire watch."
oxy_acetylene_mild_steel_medium,Oksi-asetilen kesim - orta/kalin seed,cutting,oxy_acetylene,mild_steel,10,32,250,375,500,"Lookup tip chart by tip size, fuel gas, oxygen pressure and thickness.","Cut speed = oxy_tip_chart(thickness, tip, fuel, oxygen_pressure); robot feed = min(cut_speed, preheat_state_limit, actuator_limit).",1.8,3.5,10,optional,no,yes,yes,constant_tcp_speed_after_preheat,0.75,220,0.35,"Victor/American Torch Tip oxy-fuel chart ranges for medium steel",vendor_chart_required,"Use edge starts or validated pierce routine for thicker stock. Robot must wait for preheat confirmation before feed."
oxy_acetylene_mild_steel_heavy,Oksi-asetilen kesim - agir kesim seed,cutting,oxy_acetylene,mild_steel,32,150,75,150,250,"Lookup tip chart by tip size, fuel gas, oxygen pressure and thickness.","Cut speed = oxy_tip_chart(thickness, tip, fuel, oxygen_pressure); robot feed = min(cut_speed, preheat_state_limit, actuator_limit).",3.0,4.0,25,optional,no,yes,yes,constant_tcp_speed_after_preheat_low_accel,1.0,120,0.25,"American Torch Tip heavy oxy-fuel chart ranges; GCE piercing caution for >100 mm",vendor_chart_required,"Heavy oxy-fuel cutting is not a software-only setting. Require tip capacity, hose capacity, regulator capacity, slag path, fire barrier and qualified operator signoff."
dry_run_motion_check,Kuru kosu / nozulsuz rota kontrol,safety,dry_run,all,0,999,100,500,2000,"Feed is operator-selected within robot axis limits; no process energy enabled.","No heat/cut energy; log path speed, following error and clearance.",0,0,0,no,no,no,no,constant_tcp_speed_or_step_jog,0.25,600,0.50,"MROS safety commissioning policy",ready,"Always run before a new toolpath, material setup or fixture. It should be the only mode allowed until homing, limits and E-stop have passed."
