template_id,mode_id,display_name_tr,material_family,thickness_min_mm,thickness_max_mm,preferred_feed_mm_min,feed_min_mm_min,feed_max_mm_min,tool_tcp_profile,requires_vendor_chart_id,requires_wps_id,requires_dry_run,preheat_or_pierce_sequence,primary_quality_risks,status,notes
dry_run_prr_default,dry_run_motion_check,Kuru kosu PRR rota kontrolu,all,0,999,500,100,2000,none,no,no,yes,none,"collision; following error; cable/hose snag",ready,"Use before every process recipe."
gmaw_carbon_steel_seed,weld_gmaw_steel_seed,MIG/MAG karbon celik seed,carbon_steel,1,12,350,150,550,weld_tcp,no,yes,yes,arc_start_then_constant_feed,"lack of fusion; burn-through; porosity; excessive heat input",wps_required,"Actual settings must come from WPS."
tig_steel_seed,weld_tig_steel_seed,TIG celik/paslanmaz seed,carbon_or_stainless_steel,0.5,8,130,75,180,weld_tcp,no,yes,yes,arc_start_then_constant_feed,"heat input; distortion; shielding loss",wps_required,"Actual settings must come from WPS."
plasma_thin_seed,plasma_air_mild_steel_thin,Plazma ince sac seed,mild_steel,1,6,3000,1000,6000,plasma_tcp,yes,no,yes,pierce_height_arc_ok_delay_cut_height_feed,"dross; bevel; missed pierce; consumable wear",vendor_chart_required,"Use vendor chart row for machine, consumable, amperage and thickness."
plasma_medium_seed,plasma_air_mild_steel_medium,Plazma orta sac seed,mild_steel,6,16,1000,300,2500,plasma_tcp,yes,no,yes,pierce_height_arc_ok_delay_cut_height_feed,"dross; bevel; arc loss; THC error",vendor_chart_required,"Use vendor chart row for machine, consumable, amperage and thickness."
plasma_thick_seed,plasma_air_mild_steel_thick,Plazma kalin sac seed,mild_steel,16,38,300,80,800,plasma_tcp,yes,no,yes,pierce_height_arc_ok_delay_cut_height_feed,"failed pierce; slag; thermal distortion",vendor_chart_required,"Consider edge start when chart/process requires it."
oxyfuel_thin_seed,oxy_acetylene_mild_steel_thin,Oksi-asetilen ince/orta seed,mild_steel,3,10,550,450,650,oxyfuel_tcp,yes,no,yes,preheat_then_cut_oxygen_then_feed,"insufficient preheat; drag lines; slag; flashback",vendor_chart_required,"Use torch/tip chart for gas, pressure, tip and thickness."
oxyfuel_medium_seed,oxy_acetylene_mild_steel_medium,Oksi-asetilen orta/kalin seed,mild_steel,10,32,375,250,500,oxyfuel_tcp,yes,no,yes,preheat_then_pierce_or_edge_start_then_feed,"pierce failure; slag; fire risk",vendor_chart_required,"Use torch/tip chart for gas, pressure, tip and thickness."
oxyfuel_heavy_seed,oxy_acetylene_mild_steel_heavy,Oksi-asetilen agir kesim seed,mild_steel,32,150,150,75,250,oxyfuel_tcp,yes,no,yes,extended_preheat_edge_start_preferred,"pierce hazard; heat distortion; fire risk",vendor_chart_required,"Heavy cutting requires operator and equipment signoff."
